,invoice_date,customer_code,location_code,channel_text,conventional_synthetic,variety,size,sale_value
518247,2021-11-09,773154,CA_SMF,Manufacturer/Distributor,CONVENTIONAL,5W30,Quart,583
518248,2021-11-09,773154,CA_SMF,Manufacturer/Distributor,CONVENTIONAL,5W30,Case_12X2_Quart,1297
518249,2021-11-03,774661,CA_SMF,Manufacturer/Distributor,CONVENTIONAL,10W30,Case_12X2_Quart,1463
518250,2021-11-03,774661,CA_SMF,Manufacturer/Distributor,CONVENTIONAL,5W30,Quart,2181
518251,2021-11-03,774661,CA_SMF,Manufacturer/Distributor,CONVENTIONAL,5W30,Case_12,2069
518252,2021-11-03,774661,CA_SMF,Manufacturer/Distributor,CONVENTIONAL,5W30,Case_12X2_Quart,1528
518253,2021-11-05,774661,CA_SMF,Manufacturer/Distributor,CONVENTIONAL,Other/Specialty,Case_12,731
518254,2021-11-05,774661,CA_SMF,Manufacturer/Distributor,CONVENTIONAL,5W30,Quart,1322
518255,2021-11-05,774661,CA_SMF,Manufacturer/Distributor,CONVENTIONAL,5W30,Case_12X2_Quart,866
518256,2021-11-06,774661,CA_SMF,Manufacturer/Distributor,CONVENTIONAL,5W30,Case_12,2573
518257,2021-11-08,774661,CA_SMF,Manufacturer/Distributor,CONVENTIONAL,10W30,Case_12X2_Quart,926
518258,2021-11-08,774661,CA_SMF,Manufacturer/Distributor,CONVENTIONAL,5W30,Quart,1321
518259,2021-11-08,774661,CA_SMF,Manufacturer/Distributor,CONVENTIONAL,5W30,Case_12,2054
518260,2021-11-08,774661,CA_SMF,Manufacturer/Distributor,CONVENTIONAL,5W30,Case_12X2_Quart,867
518261,2021-11-10,774661,CA_SMF,Manufacturer/Distributor,CONVENTIONAL,10W30,Case_12X2_Quart,1246
518262,2021-11-10,774661,CA_SMF,Manufacturer/Distributor,CONVENTIONAL,Other/Specialty,Case_12,653
518263,2021-11-10,774661,CA_SMF,Manufacturer/Distributor,CONVENTIONAL,5W30,Quart,1117
518264,2021-11-10,774661,CA_SMF,Manufacturer/Distributor,CONVENTIONAL,5W30,Case_12,1364
518265,2021-11-10,774661,CA_SMF,Manufacturer/Distributor,CONVENTIONAL,5W30,Case_12X2_Quart,869
518266,2021-11-12,774661,CA_SMF,Manufacturer/Distributor,CONVENTIONAL,10W30,Case_12X2_Quart,1565
518267,2021-11-12,774661,CA_SMF,Manufacturer/Distributor,CONVENTIONAL,5W30,Quart,911
518268,2021-11-12,774661,CA_SMF,Manufacturer/Distributor,CONVENTIONAL,5W30,Case_12,2574
518269,2021-11-12,774661,CA_SMF,Manufacturer/Distributor,CONVENTIONAL,5W30,Case_12X2_Quart,686
518270,2021-10-26,775276,CA_SMF,Manufacturer/Distributor,CONVENTIONAL,10W30,Mixed,2526
518271,2021-11-01,775276,CA_SMF,Manufacturer/Distributor,CONVENTIONAL,10W30,Mixed,2529
518272,2021-11-03,775276,CA_SMF,Manufacturer/Distributor,CONVENTIONAL,10W30,Case_12X2_Quart,1726
518273,2021-11-08,775276,CA_SMF,Manufacturer/Distributor,CONVENTIONAL,10W30,Mixed,2452
518274,2021-11-11,775276,CA_SMF,Manufacturer/Distributor,CONVENTIONAL,10W30,Case_12X2_Quart,2341
518275,2021-10-26,772152,CA_SMF,Retail,CONVENTIONAL,10W30,Case_12,6879
518276,2021-10-28,772152,CA_SMF,Retail,CONVENTIONAL,10W30,Case_12,4327
518277,2021-10-30,772152,CA_SMF,Retail,CONVENTIONAL,10W30,Case_12,8151
518278,2021-11-02,772152,CA_SMF,Retail,CONVENTIONAL,10W30,Case_12,3052
518279,2021-11-04,772152,CA_SMF,Retail,CONVENTIONAL,10W30,Case_12,8153
518280,2021-11-07,772152,CA_SMF,Retail,CONVENTIONAL,10W30,Case_12,4328
518281,2021-11-09,772152,CA_SMF,Retail,CONVENTIONAL,10W30,Case_12,5604
518282,2021-11-11,772152,CA_SMF,Retail,CONVENTIONAL,10W30,Case_12,4328
518283,2021-11-14,772152,CA_SMF,Retail,CONVENTIONAL,10W30,Case_12,5209
518284,2021-10-31,774962,CA_SMF,Manufacturer/Distributor,CONVENTIONAL,10W30,Case_12X2_Quart,1361
518285,2021-10-31,774962,CA_SMF,Manufacturer/Distributor,CONVENTIONAL,5W20,Case_12X2_Quart,1389
518286,2021-10-31,774962,CA_SMF,Manufacturer/Distributor,CONVENTIONAL,Other/Specialty,Case_12,978
518287,2021-10-31,774962,CA_SMF,Manufacturer/Distributor,CONVENTIONAL,5W30,Case_12,4826
518288,2021-10-31,774962,CA_SMF,Manufacturer/Distributor,CONVENTIONAL,5W30,Case_12X2_Quart,18413
518289,2021-11-03,774962,CA_SMF,Manufacturer/Distributor,CONVENTIONAL,10W30,Case_12X2_Quart,1010
518290,2021-11-03,774962,CA_SMF,Manufacturer/Distributor,CONVENTIONAL,5W20,Case_12X2_Quart,1059
518291,2021-11-03,774962,CA_SMF,Manufacturer/Distributor,CONVENTIONAL,Other/Specialty,Case_12,606
518292,2021-11-03,774962,CA_SMF,Manufacturer/Distributor,CONVENTIONAL,5W30,Case_12,2688
518293,2021-11-03,774962,CA_SMF,Manufacturer/Distributor,CONVENTIONAL,5W30,Case_12X2_Quart,8334
518294,2021-11-04,774962,CA_SMF,Manufacturer/Distributor,CONVENTIONAL,10W30,Case_12X2_Quart,970
518295,2021-11-04,774962,CA_SMF,Manufacturer/Distributor,CONVENTIONAL,5W20,Case_12X2_Quart,726
518296,2021-11-04,774962,CA_SMF,Manufacturer/Distributor,CONVENTIONAL,5W30,Case_12,1334
518297,2021-11-04,774962,CA_SMF,Manufacturer/Distributor,CONVENTIONAL,5W30,Case_12X2_Quart,6677
518298,2021-11-07,774962,CA_SMF,Manufacturer/Distributor,CONVENTIONAL,10W30,Case_12X2_Quart,1101
518299,2021-11-07,774962,CA_SMF,Manufacturer/Distributor,CONVENTIONAL,5W20,Case_12X2_Quart,1592
518300,2021-11-07,774962,CA_SMF,Manufacturer/Distributor,CONVENTIONAL,Other/Specialty,Case_12,536
518301,2021-11-07,774962,CA_SMF,Manufacturer/Distributor,CONVENTIONAL,5W30,Case_12,6111
518302,2021-11-07,774962,CA_SMF,Manufacturer/Distributor,CONVENTIONAL,5W30,Case_12X2_Quart,16602
518303,2021-11-09,774962,CA_SMF,Manufacturer/Distributor,CONVENTIONAL,10W30,Case_12X2_Quart,1519
518304,2021-11-09,774962,CA_SMF,Manufacturer/Distributor,CONVENTIONAL,5W20,Case_12X2_Quart,1762
518305,2021-11-09,774962,CA_SMF,Manufacturer/Distributor,CONVENTIONAL,Other/Specialty,Case_12,679
518306,2021-11-09,774962,CA_SMF,Manufacturer/Distributor,CONVENTIONAL,5W30,Case_12,7955
518307,2021-11-09,774962,CA_SMF,Manufacturer/Distributor,CONVENTIONAL,5W30,Case_12X2_Quart,11696
518308,2021-11-11,774962,CA_SMF,Manufacturer/Distributor,CONVENTIONAL,10W30,Case_12X2_Quart,898
518309,2021-11-11,774962,CA_SMF,Manufacturer/Distributor,CONVENTIONAL,5W20,Case_12X2_Quart,594
518310,2021-11-11,774962,CA_SMF,Manufacturer/Distributor,CONVENTIONAL,Other/Specialty,Case_12,606
518311,2021-11-11,774962,CA_SMF,Manufacturer/Distributor,CONVENTIONAL,5W30,Case_12,949
518312,2021-11-11,774962,CA_SMF,Manufacturer/Distributor,CONVENTIONAL,5W30,Case_12X2_Quart,1924
518313,2021-11-14,774962,CA_SMF,Manufacturer/Distributor,CONVENTIONAL,10W30,Case_12X2_Quart,1166
518314,2021-11-14,774962,CA_SMF,Manufacturer/Distributor,CONVENTIONAL,5W20,Case_12X2_Quart,1353
518315,2021-11-14,774962,CA_SMF,Manufacturer/Distributor,CONVENTIONAL,5W30,Case_12,1353
518316,2021-11-14,774962,CA_SMF,Manufacturer/Distributor,CONVENTIONAL,5W30,Case_12X2_Quart,9238
518317,2021-11-01,774203,CA_SMF,Manufacturer/Distributor,CONVENTIONAL,10W30,Case_12X2_Quart,796
518318,2021-11-01,774203,CA_SMF,Manufacturer/Distributor,CONVENTIONAL,5W20,Case_12X2_Quart,1401
518319,2021-11-01,774203,CA_SMF,Manufacturer/Distributor,CONVENTIONAL,5W30,Case_12,5196
518320,2021-11-01,774203,CA_SMF,Manufacturer/Distributor,CONVENTIONAL,5W30,Case_12X2_Quart,2728
518321,2021-11-03,774203,CA_SMF,Manufacturer/Distributor,CONVENTIONAL,10W30,Case_12X2_Quart,739
518322,2021-11-03,774203,CA_SMF,Manufacturer/Distributor,CONVENTIONAL,5W20,Case_12,1041
518323,2021-11-03,774203,CA_SMF,Manufacturer/Distributor,CONVENTIONAL,5W30,Case_12,2771
518324,2021-11-03,774203,CA_SMF,Manufacturer/Distributor,CONVENTIONAL,5W30,Case_12X2_Quart,1450
518325,2021-11-05,774203,CA_SMF,Manufacturer/Distributor,CONVENTIONAL,10W30,Case_12X2_Quart,622
518326,2021-11-05,774203,CA_SMF,Manufacturer/Distributor,CONVENTIONAL,5W30,Case_12,2032
518327,2021-11-08,774203,CA_SMF,Manufacturer/Distributor,CONVENTIONAL,10W30,Case_12X2_Quart,740
518328,2021-11-08,774203,CA_SMF,Manufacturer/Distributor,CONVENTIONAL,5W20,Case_12X2_Quart,933
518329,2021-11-08,774203,CA_SMF,Manufacturer/Distributor,CONVENTIONAL,5W30,Case_12,2299
518330,2021-11-08,774203,CA_SMF,Manufacturer/Distributor,CONVENTIONAL,5W30,Case_12X2_Quart,1626
518331,2021-11-12,774203,CA_SMF,Manufacturer/Distributor,CONVENTIONAL,10W30,Case_12X2_Quart,726
518332,2021-11-12,774203,CA_SMF,Manufacturer/Distributor,CONVENTIONAL,5W20,Case_12X2_Quart,684
518333,2021-11-12,774203,CA_SMF,Manufacturer/Distributor,CONVENTIONAL,5W30,Case_12X2_Gallon,642
518334,2021-11-12,774203,CA_SMF,Manufacturer/Distributor,CONVENTIONAL,5W30,Case_12,2053
518335,2021-11-12,774203,CA_SMF,Manufacturer/Distributor,CONVENTIONAL,5W30,Case_12X2_Quart,2394
518336,2021-10-25,772822,CA_SMF,Internal,CONVENTIONAL,10W30,Mixed,1452
518337,2021-10-25,772822,CA_SMF,Internal,CONVENTIONAL,5W30,Quart,1392
518338,2021-10-25,772822,CA_SMF,Internal,CONVENTIONAL,5W30,Case_12,1996
518339,2021-10-25,772822,CA_SMF,Internal,CONVENTIONAL,5W30,Case_12X2_Quart,2066
518340,2021-10-27,772822,CA_SMF,Internal,CONVENTIONAL,10W30,Mixed,4244
518341,2021-11-01,772822,CA_SMF,Internal,CONVENTIONAL,5W30,Quart,2277
518342,2021-11-03,772822,CA_SMF,Internal,CONVENTIONAL,10W30,Mixed,1124
518343,2021-11-03,772822,CA_SMF,Internal,CONVENTIONAL,5W30,Case_12X2_Quart,1292
518344,2021-11-05,772822,CA_SMF,Internal,CONVENTIONAL,5W20,Case_12X2_Quart,959
518345,2021-11-05,772822,CA_SMF,Internal,CONVENTIONAL,5W30,Quart,1566
518346,2021-11-05,772822,CA_SMF,Internal,CONVENTIONAL,5W30,Case_12,6615
518347,2021-11-05,772822,CA_SMF,Internal,CONVENTIONAL,5W30,Case_12,945
518348,2021-11-05,772822,CA_SMF,Internal,CONVENTIONAL,5W30,Case_12X2_Quart,2099
518349,2021-11-10,772822,CA_SMF,Internal,CONVENTIONAL,10W30,Case_12X2_Quart,1943
518350,2021-11-10,772822,CA_SMF,Internal,CONVENTIONAL,5W30,Quart,1499
518351,2021-11-10,772822,CA_SMF,Internal,CONVENTIONAL,5W30,Mixed,4051
518352,2021-11-10,772822,CA_SMF,Internal,CONVENTIONAL,5W30,Case_12,1817
518353,2021-11-10,772822,CA_SMF,Internal,CONVENTIONAL,5W30,Case_12,2720
518354,2021-11-10,772822,CA_SMF,Internal,CONVENTIONAL,5W30,Case_12X2_Quart,3115
518355,2021-11-12,772822,CA_SMF,Internal,CONVENTIONAL,10W30,Case_12X2_Quart,1762
518356,2021-11-12,772822,CA_SMF,Internal,CONVENTIONAL,5W30,Mixed,2276
518357,2021-11-12,772822,CA_SMF,Internal,CONVENTIONAL,5W30,Case_12,1392
518358,2021-11-09,774335,CA_SMF,Retail,CONVENTIONAL,10W30,Case_12,13803
518359,2021-11-12,774335,CA_SMF,Retail,CONVENTIONAL,10W30,Case_12,12401
518360,2021-11-12,774335,CA_SMF,Retail,CONVENTIONAL,5W30,Case_12X2_Quart,1886
